{
  "name": "streamlyhub-production",
  "version": "1.0.0",
  "type": "module",
  "description": "StreamlyHub - Live Video Streaming Platform",
  "main": "index.js",
  "scripts": {
    "start": "node index.js",
    "postinstall": "echo 'Production dependencies installed successfully'"
  },
  "dependencies": {
    "@neondatabase/serverless": "^0.10.4",
    "connect-pg-simple": "^10.0.0",
    "drizzle-orm": "^0.39.1",
    "drizzle-zod": "^0.7.0",
    "express": "^4.21.2",
    "express-session": "^1.18.1",
    "firebase": "^12.0.0",
    "memorystore": "^1.6.7",
    "passport": "^0.7.0",
    "passport-local": "^1.0.0",
    "ws": "^8.18.0",
    "zod": "^3.24.1",
    "zod-validation-error": "^3.4.0"
  },
  "engines": {
    "node": ">=18.0.0"
  },
  "keywords": [
    "streaming",
    "video-chat",
    "social",
    "react",
    "express",
    "firebase"
  ],
  "author": "StreamlyHub",
  "license": "MIT"
}